filename,notes,authors,licenses,urls
body/bodies/male/walk.png,see details at https://opengameart.org/content/lpc-character-bases; 'Thick' Male Revised Run/Climb by JaidynReiman (based on ElizaWy's LPC Revised),"bluecarrot16,JaidynReiman,Benjamin K. Smith (BenCreating),Evert,Eliza Wyatt (ElizaWy),TheraHedwig,MuffinElZangano,Durrani,Johannes Sjölund (wulax),Stephen Challener (Redshrike)","OGA-BY 3.0,CC-BY-SA 3.0,GPL 3.0","https://opengameart.org/content/liberated-pixel-cup-lpc-base-assets-sprites-map-tiles,https://opengameart.org/content/lpc-medieval-fantasy-character-sprites,https://opengameart.org/content/lpc-male-jumping-animation-by-durrani,https://opengameart.org/content/lpc-runcycle-and-diagonal-walkcycle,https://opengameart.org/content/lpc-revised-character-basics,https://opengameart.org/content/lpc-be-seated,https://opengameart.org/content/lpc-runcycle-for-male-muscular-and-pregnant-character-bases-with-modular-heads,https://opengameart.org/content/lpc-jump-expanded,https://opengameart.org/content/lpc-character-bases"
body/bodies/female/walk.png,see details at https://opengameart.org/content/lpc-character-bases,"Benjamin K. Smith (BenCreating),bluecarrot16,TheraHedwig,Evert,MuffinElZangano,Durrani,Pierre Vigier (pvigier),ElizaWy,Matthew Krohn (makrohn),Johannes Sjölund (wulax),Stephen Challener (Redshrike)","OGA-BY 3.0,CC-BY-SA 3.0,GPL 3.0","https://opengameart.org/content/liberated-pixel-cup-lpc-base-assets-sprites-map-tiles,https://opengameart.org/content/lpc-medieval-fantasy-character-sprites,https://opengameart.org/content/lpc-ladies,https://opengameart.org/content/lpc-7-womens-shirts,https://opengameart.org/content/lpc-jump-expanded,https://opengameart.org/content/lpc-be-seated,https://opengameart.org/content/lpc-revised-character-basics,https://gitlab.com/vagabondgame/lpc-characters,https://opengameart.org/content/lpc-male-jumping-animation-by-durrani,https://opengameart.org/content/lpc-runcycle-and-diagonal-walkcycle"
body/bodies/male/idle.png,see details at https://opengameart.org/content/lpc-character-bases; 'Thick' Male Revised Run/Climb by JaidynReiman (based on ElizaWy's LPC Revised),"bluecarrot16,JaidynReiman,Benjamin K. Smith (BenCreating),Evert,Eliza Wyatt (ElizaWy),TheraHedwig,MuffinElZangano,Durrani,Johannes Sjölund (wulax),Stephen Challener (Redshrike)","OGA-BY 3.0,CC-BY-SA 3.0,GPL 3.0","https://opengameart.org/content/liberated-pixel-cup-lpc-base-assets-sprites-map-tiles,https://opengameart.org/content/lpc-medieval-fantasy-character-sprites,https://opengameart.org/content/lpc-male-jumping-animation-by-durrani,https://opengameart.org/content/lpc-runcycle-and-diagonal-walkcycle,https://opengameart.org/content/lpc-revised-character-basics,https://opengameart.org/content/lpc-be-seated,https://opengameart.org/content/lpc-runcycle-for-male-muscular-and-pregnant-character-bases-with-modular-heads,https://opengameart.org/content/lpc-jump-expanded,https://opengameart.org/content/lpc-character-bases"
body/bodies/female/idle.png,see details at https://opengameart.org/content/lpc-character-bases,"Benjamin K. Smith (BenCreating),bluecarrot16,TheraHedwig,Evert,MuffinElZangano,Durrani,Pierre Vigier (pvigier),ElizaWy,Matthew Krohn (makrohn),Johannes Sjölund (wulax),Stephen Challener (Redshrike)","OGA-BY 3.0,CC-BY-SA 3.0,GPL 3.0","https://opengameart.org/content/liberated-pixel-cup-lpc-base-assets-sprites-map-tiles,https://opengameart.org/content/lpc-medieval-fantasy-character-sprites,https://opengameart.org/content/lpc-ladies,https://opengameart.org/content/lpc-7-womens-shirts,https://opengameart.org/content/lpc-jump-expanded,https://opengameart.org/content/lpc-be-seated,https://opengameart.org/content/lpc-revised-character-basics,https://gitlab.com/vagabondgame/lpc-characters,https://opengameart.org/content/lpc-male-jumping-animation-by-durrani,https://opengameart.org/content/lpc-runcycle-and-diagonal-walkcycle"
body/bodies/male/sit.png,see details at https://opengameart.org/content/lpc-character-bases; 'Thick' Male Revised Run/Climb by JaidynReiman (based on ElizaWy's LPC Revised),"bluecarrot16,JaidynReiman,Benjamin K. Smith (BenCreating),Evert,Eliza Wyatt (ElizaWy),TheraHedwig,MuffinElZangano,Durrani,Johannes Sjölund (wulax),Stephen Challener (Redshrike)","OGA-BY 3.0,CC-BY-SA 3.0,GPL 3.0","https://opengameart.org/content/liberated-pixel-cup-lpc-base-assets-sprites-map-tiles,https://opengameart.org/content/lpc-medieval-fantasy-character-sprites,https://opengameart.org/content/lpc-male-jumping-animation-by-durrani,https://opengameart.org/content/lpc-runcycle-and-diagonal-walkcycle,https://opengameart.org/content/lpc-revised-character-basics,https://opengameart.org/content/lpc-be-seated,https://opengameart.org/content/lpc-runcycle-for-male-muscular-and-pregnant-character-bases-with-modular-heads,https://opengameart.org/content/lpc-jump-expanded,https://opengameart.org/content/lpc-character-bases"
body/bodies/female/sit.png,see details at https://opengameart.org/content/lpc-character-bases,"Benjamin K. Smith (BenCreating),bluecarrot16,TheraHedwig,Evert,MuffinElZangano,Durrani,Pierre Vigier (pvigier),ElizaWy,Matthew Krohn (makrohn),Johannes Sjölund (wulax),Stephen Challener (Redshrike)","OGA-BY 3.0,CC-BY-SA 3.0,GPL 3.0","https://opengameart.org/content/liberated-pixel-cup-lpc-base-assets-sprites-map-tiles,https://opengameart.org/content/lpc-medieval-fantasy-character-sprites,https://opengameart.org/content/lpc-ladies,https://opengameart.org/content/lpc-7-womens-shirts,https://opengameart.org/content/lpc-jump-expanded,https://opengameart.org/content/lpc-be-seated,https://opengameart.org/content/lpc-revised-character-basics,https://gitlab.com/vagabondgame/lpc-characters,https://opengameart.org/content/lpc-male-jumping-animation-by-durrani,https://opengameart.org/content/lpc-runcycle-and-diagonal-walkcycle"
head/heads/human/female/walk.png,"original head by Redshrike, tweaks by BenCreating, modular version by bluecarrot16","bluecarrot16,Benjamin K. Smith (BenCreating),Stephen Challener (Redshrike)","OGA-BY 3.0,CC-BY-SA 3.0,GPL 3.0","https://opengameart.org/content/,https://opengameart.org/content/lpc-character-bases"
head/heads/human/female/idle.png,"original head by Redshrike, tweaks by BenCreating, modular version by bluecarrot16","bluecarrot16,Benjamin K. Smith (BenCreating),Stephen Challener (Redshrike)","OGA-BY 3.0,CC-BY-SA 3.0,GPL 3.0","https://opengameart.org/content/,https://opengameart.org/content/lpc-character-bases"
head/heads/human/female/sit.png,"original head by Redshrike, tweaks by BenCreating, modular version by bluecarrot16","bluecarrot16,Benjamin K. Smith (BenCreating),Stephen Challener (Redshrike)","OGA-BY 3.0,CC-BY-SA 3.0,GPL 3.0","https://opengameart.org/content/,https://opengameart.org/content/lpc-character-bases"
head/heads/human/male/walk.png,"original head by Redshrike, tweaks by BenCreating, modular version by bluecarrot16","bluecarrot16,Benjamin K. Smith (BenCreating),Stephen Challener (Redshrike)","OGA-BY 3.0,CC-BY-SA 3.0,GPL 3.0","https://opengameart.org/content/liberated-pixel-cup-lpc-base-assets-sprites-map-tiles,https://opengameart.org/content/lpc-character-bases"
head/heads/human/male/idle.png,"original head by Redshrike, tweaks by BenCreating, modular version by bluecarrot16","bluecarrot16,Benjamin K. Smith (BenCreating),Stephen Challener (Redshrike)","OGA-BY 3.0,CC-BY-SA 3.0,GPL 3.0","https://opengameart.org/content/liberated-pixel-cup-lpc-base-assets-sprites-map-tiles,https://opengameart.org/content/lpc-character-bases"
head/heads/human/male/sit.png,"original head by Redshrike, tweaks by BenCreating, modular version by bluecarrot16","bluecarrot16,Benjamin K. Smith (BenCreating),Stephen Challener (Redshrike)","OGA-BY 3.0,CC-BY-SA 3.0,GPL 3.0","https://opengameart.org/content/liberated-pixel-cup-lpc-base-assets-sprites-map-tiles,https://opengameart.org/content/lpc-character-bases"
beards/beard/basic/walk.png,"Original by Nemisys, repositioning by JaidynReiman.","JaidynReiman,Carlo Enrico Victoria (Nemisys)","CC-BY-SA 3.0,GPL 3.0",https://opengameart.org/content/lpc-white-beard
beards/beard/basic/idle.png,"Original by Nemisys, repositioning by JaidynReiman.","JaidynReiman,Carlo Enrico Victoria (Nemisys)","CC-BY-SA 3.0,GPL 3.0",https://opengameart.org/content/lpc-white-beard
beards/beard/basic/sit.png,"Original by Nemisys, repositioning by JaidynReiman.","JaidynReiman,Carlo Enrico Victoria (Nemisys)","CC-BY-SA 3.0,GPL 3.0",https://opengameart.org/content/lpc-white-beard
beards/beard/trimmed/walk.png,,ElizaWy,OGA-BY 3.0,"https://github.com/ElizaWy/LPC/tree/main/Characters/Hair,https://opengameart.org/content/lpc-expanded-sit-run-jump-more"
beards/beard/trimmed/idle.png,,ElizaWy,OGA-BY 3.0,"https://github.com/ElizaWy/LPC/tree/main/Characters/Hair,https://opengameart.org/content/lpc-expanded-sit-run-jump-more"
beards/beard/trimmed/sit.png,,ElizaWy,OGA-BY 3.0,"https://github.com/ElizaWy/LPC/tree/main/Characters/Hair,https://opengameart.org/content/lpc-expanded-sit-run-jump-more"
hair/curly_short/adult/walk.png,,ElizaWy,OGA-BY 3.0,"https://opengameart.org/content/lpc-hair,https://opengameart.org/content/lpc-expanded-sit-run-jump-more"
hair/curly_short/adult/idle.png,,ElizaWy,OGA-BY 3.0,"https://opengameart.org/content/lpc-hair,https://opengameart.org/content/lpc-expanded-sit-run-jump-more"
hair/curly_short/adult/sit.png,,ElizaWy,OGA-BY 3.0,"https://opengameart.org/content/lpc-hair,https://opengameart.org/content/lpc-expanded-sit-run-jump-more"
hair/plain/adult/walk.png,,"JaidynReiman,Manuel Riecke (MrBeast),Joe White","OGA-BY 3.0,CC-BY-SA 3.0,GPL 3.0","https://opengameart.org/content/liberated-pixel-cup-lpc-base-assets-sprites-map-tiles,https://opengameart.org/content/ponytail-and-plain-hairstyles,https://opengameart.org/content/lpc-expanded-hair"
hair/plain/adult/idle.png,,"JaidynReiman,Manuel Riecke (MrBeast),Joe White","OGA-BY 3.0,CC-BY-SA 3.0,GPL 3.0","https://opengameart.org/content/liberated-pixel-cup-lpc-base-assets-sprites-map-tiles,https://opengameart.org/content/ponytail-and-plain-hairstyles,https://opengameart.org/content/lpc-expanded-hair"
hair/plain/adult/sit.png,,"JaidynReiman,Manuel Riecke (MrBeast),Joe White","OGA-BY 3.0,CC-BY-SA 3.0,GPL 3.0","https://opengameart.org/content/liberated-pixel-cup-lpc-base-assets-sprites-map-tiles,https://opengameart.org/content/ponytail-and-plain-hairstyles,https://opengameart.org/content/lpc-expanded-hair"
hair/bangs_bun/adult/walk.png,"Original by bluecarrot16, animated by ElizaWy.","ElizaWy,bluecarrot16",CC0,"https://opengameart.org/content/lpc-hair,https://github.com/ElizaWy/LPC/blob/main/Characters/Hair,https://opengameart.org/content/lpc-expanded-sit-run-jump-more"
hair/bangs_bun/adult/idle.png,"Original by bluecarrot16, animated by ElizaWy.","ElizaWy,bluecarrot16",CC0,"https://opengameart.org/content/lpc-hair,https://github.com/ElizaWy/LPC/blob/main/Characters/Hair,https://opengameart.org/content/lpc-expanded-sit-run-jump-more"
hair/bangs_bun/adult/sit.png,"Original by bluecarrot16, animated by ElizaWy.","ElizaWy,bluecarrot16",CC0,"https://opengameart.org/content/lpc-hair,https://github.com/ElizaWy/LPC/blob/main/Characters/Hair,https://opengameart.org/content/lpc-expanded-sit-run-jump-more"
hair/ponytail/adult/fg/walk.png,,"JaidynReiman,Manuel Riecke (MrBeast)","CC-BY-SA 3.0,GPL 3.0","https://opengameart.org/content/liberated-pixel-cup-lpc-base-assets-sprites-map-tiles,https://opengameart.org/content/lpc-expanded-hair"
hair/ponytail/adult/bg/walk.png,,"JaidynReiman,Manuel Riecke (MrBeast)","CC-BY-SA 3.0,GPL 3.0","https://opengameart.org/content/liberated-pixel-cup-lpc-base-assets-sprites-map-tiles,https://opengameart.org/content/lpc-expanded-hair"
hair/ponytail/adult/fg/idle.png,,"JaidynReiman,Manuel Riecke (MrBeast)","CC-BY-SA 3.0,GPL 3.0","https://opengameart.org/content/liberated-pixel-cup-lpc-base-assets-sprites-map-tiles,https://opengameart.org/content/lpc-expanded-hair"
hair/ponytail/adult/bg/idle.png,,"JaidynReiman,Manuel Riecke (MrBeast)","CC-BY-SA 3.0,GPL 3.0","https://opengameart.org/content/liberated-pixel-cup-lpc-base-assets-sprites-map-tiles,https://opengameart.org/content/lpc-expanded-hair"
hair/ponytail/adult/fg/sit.png,,"JaidynReiman,Manuel Riecke (MrBeast)","CC-BY-SA 3.0,GPL 3.0","https://opengameart.org/content/liberated-pixel-cup-lpc-base-assets-sprites-map-tiles,https://opengameart.org/content/lpc-expanded-hair"
hair/ponytail/adult/bg/sit.png,,"JaidynReiman,Manuel Riecke (MrBeast)","CC-BY-SA 3.0,GPL 3.0","https://opengameart.org/content/liberated-pixel-cup-lpc-base-assets-sprites-map-tiles,https://opengameart.org/content/lpc-expanded-hair"
hair/long/adult/walk.png,,"JaidynReiman,Manuel Riecke (MrBeast)","CC-BY-SA 3.0,GPL 3.0","https://opengameart.org/content/liberated-pixel-cup-lpc-base-assets-sprites-map-tiles,https://opengameart.org/content/lpc-expanded-hair"
hair/long/adult/idle.png,,"JaidynReiman,Manuel Riecke (MrBeast)","CC-BY-SA 3.0,GPL 3.0","https://opengameart.org/content/liberated-pixel-cup-lpc-base-assets-sprites-map-tiles,https://opengameart.org/content/lpc-expanded-hair"
hair/long/adult/sit.png,,"JaidynReiman,Manuel Riecke (MrBeast)","CC-BY-SA 3.0,GPL 3.0","https://opengameart.org/content/liberated-pixel-cup-lpc-base-assets-sprites-map-tiles,https://opengameart.org/content/lpc-expanded-hair"
hat/cloth/hood/adult/walk.png,"Brown hood by Wulax, original black/white recolors by ??, mapped to idle/run/jump/revised combat by JaidynReiman, along with additional recolors.","Johannes Sjölund (wulax),JaidynReiman","OGA-BY 3.0,CC-BY-SA 3.0,GPL 3.0","https://opengameart.org/content/lpc-medieval-fantasy-character-sprites,https://opengameart.org/content/lpc-expanded-hats-facial-helmets"
hat/cloth/hood/adult/idle.png,"Brown hood by Wulax, original black/white recolors by ??, mapped to idle/run/jump/revised combat by JaidynReiman, along with additional recolors.","Johannes Sjölund (wulax),JaidynReiman","OGA-BY 3.0,CC-BY-SA 3.0,GPL 3.0","https://opengameart.org/content/lpc-medieval-fantasy-character-sprites,https://opengameart.org/content/lpc-expanded-hats-facial-helmets"
hat/cloth/hood/adult/sit.png,"Brown hood by Wulax, original black/white recolors by ??, mapped to idle/run/jump/revised combat by JaidynReiman, along with additional recolors.","Johannes Sjölund (wulax),JaidynReiman","OGA-BY 3.0,CC-BY-SA 3.0,GPL 3.0","https://opengameart.org/content/lpc-medieval-fantasy-character-sprites,https://opengameart.org/content/lpc-expanded-hats-facial-helmets"
hat/headband/tied/adult/walk.png,,Nila122,"OGA-BY 3.0,CC-BY-SA 3.0,GPL 3.0","https://opengameart.org/content/lpc-lizard-headgear,https://opengameart.org/content/lpc-expanded-hats-facial-helmets"
hat/headband/tied/adult/idle.png,,Nila122,"OGA-BY 3.0,CC-BY-SA 3.0,GPL 3.0","https://opengameart.org/content/lpc-lizard-headgear,https://opengameart.org/content/lpc-expanded-hats-facial-helmets"
hat/headband/tied/adult/sit.png,,Nila122,"OGA-BY 3.0,CC-BY-SA 3.0,GPL 3.0","https://opengameart.org/content/lpc-lizard-headgear,https://opengameart.org/content/lpc-expanded-hats-facial-helmets"
hat/formal/crown/adult/walk.png,,"DarkwallLKE,Charles Sanchez (CharlesGabriel)","CC-BY-SA 3.0,GPL 3.0","https://opengameart.org/content/liberated-pixel-cup-lpc-base-assets-sprites-map-tiles,https://opengameart.org/content/lpc-crown,https://opengameart.org/content/lpc-expanded-hats-facial-helmets"
hat/formal/crown/adult/idle.png,,"DarkwallLKE,Charles Sanchez (CharlesGabriel)","CC-BY-SA 3.0,GPL 3.0","https://opengameart.org/content/liberated-pixel-cup-lpc-base-assets-sprites-map-tiles,https://opengameart.org/content/lpc-crown,https://opengameart.org/content/lpc-expanded-hats-facial-helmets"
hat/formal/crown/adult/sit.png,,"DarkwallLKE,Charles Sanchez (CharlesGabriel)","CC-BY-SA 3.0,GPL 3.0","https://opengameart.org/content/liberated-pixel-cup-lpc-base-assets-sprites-map-tiles,https://opengameart.org/content/lpc-crown,https://opengameart.org/content/lpc-expanded-hats-facial-helmets"
hat/helmet/legion/adult/walk.png,,"bluecarrot16,Nila122,JaidynReiman,Matthew Krohn (makrohn),Johannes Sjölund (wulax)","OGA-BY 3.0,CC-BY-SA 3.0,GPL 2.0,GPL 3.0","https://opengameart.org/content/lpc-roman-armor,https://opengameart.org/content/lpc-expanded-hats-facial-helmets"
hat/helmet/legion/adult/idle.png,,"bluecarrot16,Nila122,JaidynReiman,Matthew Krohn (makrohn),Johannes Sjölund (wulax)","OGA-BY 3.0,CC-BY-SA 3.0,GPL 2.0,GPL 3.0","https://opengameart.org/content/lpc-roman-armor,https://opengameart.org/content/lpc-expanded-hats-facial-helmets"
hat/helmet/legion/adult/sit.png,,"bluecarrot16,Nila122,JaidynReiman,Matthew Krohn (makrohn),Johannes Sjölund (wulax)","OGA-BY 3.0,CC-BY-SA 3.0,GPL 2.0,GPL 3.0","https://opengameart.org/content/lpc-roman-armor,https://opengameart.org/content/lpc-expanded-hats-facial-helmets"
hat/accessory/crest_centurion/adult/walk.png,,"bluecarrot16,DCSS authors",CC0,"http://opengameart.org/content/dungeon-crawl-32x32-tiles,https://opengameart.org/content/cc0-headgear-icons,https://opengameart.org/content/lpc-helmets-mega-pack,https://opengameart.org/content/lpc-expanded-hats-facial-helmets"
hat/accessory/crest_centurion/adult/idle.png,,"bluecarrot16,DCSS authors",CC0,"http://opengameart.org/content/dungeon-crawl-32x32-tiles,https://opengameart.org/content/cc0-headgear-icons,https://opengameart.org/content/lpc-helmets-mega-pack,https://opengameart.org/content/lpc-expanded-hats-facial-helmets"
hat/accessory/crest_centurion/adult/sit.png,,"bluecarrot16,DCSS authors",CC0,"http://opengameart.org/content/dungeon-crawl-32x32-tiles,https://opengameart.org/content/cc0-headgear-icons,https://opengameart.org/content/lpc-helmets-mega-pack,https://opengameart.org/content/lpc-expanded-hats-facial-helmets"
neck/necklace/beaded_large/male/walk.png,,bluecarrot16,CC0,https://opengameart.org/content/lpc-jewelry
neck/necklace/beaded_large/thin/walk.png,,bluecarrot16,CC0,https://opengameart.org/content/lpc-jewelry
neck/necklace/beaded_large/male/idle.png,,bluecarrot16,CC0,https://opengameart.org/content/lpc-jewelry
neck/necklace/beaded_large/thin/idle.png,,bluecarrot16,CC0,https://opengameart.org/content/lpc-jewelry
neck/necklace/beaded_large/male/sit.png,,bluecarrot16,CC0,https://opengameart.org/content/lpc-jewelry
neck/necklace/beaded_large/thin/sit.png,,bluecarrot16,CC0,https://opengameart.org/content/lpc-jewelry
neck/necklace/beaded_small/male/walk.png,minor cleanup + Jump/Run/Sit/Emote by JaidynReiman,"bluecarrot16,JaidynReiman",CC0,https://opengameart.org/content/lpc-jewelry
neck/necklace/beaded_small/thin/walk.png,minor cleanup + Jump/Run/Sit/Emote by JaidynReiman,"bluecarrot16,JaidynReiman",CC0,https://opengameart.org/content/lpc-jewelry
neck/necklace/beaded_small/male/idle.png,minor cleanup + Jump/Run/Sit/Emote by JaidynReiman,"bluecarrot16,JaidynReiman",CC0,https://opengameart.org/content/lpc-jewelry
neck/necklace/beaded_small/thin/idle.png,minor cleanup + Jump/Run/Sit/Emote by JaidynReiman,"bluecarrot16,JaidynReiman",CC0,https://opengameart.org/content/lpc-jewelry
neck/necklace/beaded_small/male/sit.png,minor cleanup + Jump/Run/Sit/Emote by JaidynReiman,"bluecarrot16,JaidynReiman",CC0,https://opengameart.org/content/lpc-jewelry
neck/necklace/beaded_small/thin/sit.png,minor cleanup + Jump/Run/Sit/Emote by JaidynReiman,"bluecarrot16,JaidynReiman",CC0,https://opengameart.org/content/lpc-jewelry
neck/scarf/walk.png,"Original by Nila122, climb/sit/emote/jump/run animations by JaidynReiman","Nila122,JaidynReiman,Johannes Sjölund (wulax),Stephen Challener (Redshrike)","OGA-SA 3.0,CC-BY-SA 3.0,GPL 2.0,GPL 3.0",https://opengameart.org/content/more-lpc-clothes-and-hair
neck/scarf/idle.png,"Original by Nila122, climb/sit/emote/jump/run animations by JaidynReiman","Nila122,JaidynReiman,Johannes Sjölund (wulax),Stephen Challener (Redshrike)","OGA-SA 3.0,CC-BY-SA 3.0,GPL 2.0,GPL 3.0",https://opengameart.org/content/more-lpc-clothes-and-hair
neck/scarf/sit.png,"Original by Nila122, climb/sit/emote/jump/run animations by JaidynReiman","Nila122,JaidynReiman,Johannes Sjölund (wulax),Stephen Challener (Redshrike)","OGA-SA 3.0,CC-BY-SA 3.0,GPL 2.0,GPL 3.0",https://opengameart.org/content/more-lpc-clothes-and-hair
arms/bracers/male/walk.png,"original by wulax, adjustments by Makrohn, climb/emote/jump/sit/run by JaidynReiman","Matthew Krohn (makrohn),Johannes Sjölund (wulax),JaidynReiman","OGA-BY 3.0,CC-BY-SA 3.0,GPL 3.0",https://opengameart.org/content/lpc-medieval-fantasy-character-sprites
arms/bracers/thin/walk.png,"original by wulax, adjustments by Makrohn, climb/emote/jump/sit/run by JaidynReiman","Matthew Krohn (makrohn),Johannes Sjölund (wulax),JaidynReiman","OGA-BY 3.0,CC-BY-SA 3.0,GPL 3.0",https://opengameart.org/content/lpc-medieval-fantasy-character-sprites
arms/bracers/male/idle.png,"original by wulax, adjustments by Makrohn, climb/emote/jump/sit/run by JaidynReiman","Matthew Krohn (makrohn),Johannes Sjölund (wulax),JaidynReiman","OGA-BY 3.0,CC-BY-SA 3.0,GPL 3.0",https://opengameart.org/content/lpc-medieval-fantasy-character-sprites
arms/bracers/thin/idle.png,"original by wulax, adjustments by Makrohn, climb/emote/jump/sit/run by JaidynReiman","Matthew Krohn (makrohn),Johannes Sjölund (wulax),JaidynReiman","OGA-BY 3.0,CC-BY-SA 3.0,GPL 3.0",https://opengameart.org/content/lpc-medieval-fantasy-character-sprites
arms/bracers/male/sit.png,"original by wulax, adjustments by Makrohn, climb/emote/jump/sit/run by JaidynReiman","Matthew Krohn (makrohn),Johannes Sjölund (wulax),JaidynReiman","OGA-BY 3.0,CC-BY-SA 3.0,GPL 3.0",https://opengameart.org/content/lpc-medieval-fantasy-character-sprites
arms/bracers/thin/sit.png,"original by wulax, adjustments by Makrohn, climb/emote/jump/sit/run by JaidynReiman","Matthew Krohn (makrohn),Johannes Sjölund (wulax),JaidynReiman","OGA-BY 3.0,CC-BY-SA 3.0,GPL 3.0",https://opengameart.org/content/lpc-medieval-fantasy-character-sprites
torso/clothes/longsleeve/longsleeve/male/walk.png,original by wulax; tweaks and further recolors by bluecarrot16; cleanup and climb/jump/run/sit/emote/revised combat adapted from LPC Revised by JaidynReiman,"JaidynReiman,Johannes Sjölund (wulax)","OGA-BY 3.0,CC-BY-SA 3.0,GPL 3.0","https://opengameart.org/content/lpc-medieval-fantasy-character-sprites,http://opengameart.org/content/lpc-clothing-updates,https://opengameart.org/content/lpc-revised-character-basics,https://github.com/ElizaWy/LPC/tree/main/Characters/Clothing,https://opengameart.org/content/lpc-expanded-sit-run-jump-more,https://opengameart.org/content/lpc-expanded-simple-shirts"
torso/clothes/longsleeve/longsleeve/female/walk.png,"original by ElizaWy, edited to v3 bases by bluecarrot16; cleanup and climb/jump/run/sit/emote/revised combat adapted from LPC Revised by JaidynReiman","bluecarrot16,ElizaWy,JaidynReiman,Stephen Challener (Redshrike)","OGA-BY 3.0,CC-BY-SA 3.0,GPL 3.0","https://opengameart.org/content/liberated-pixel-cup-lpc-base-assets-sprites-map-tiles,https://opengameart.org/content/lpc-7-womens-shirts,http://opengameart.org/content/lpc-clothing-updates,https://opengameart.org/content/lpc-revised-character-basics,https://github.com/ElizaWy/LPC/tree/main/Characters/Clothing,https://opengameart.org/content/lpc-expanded-sit-run-jump-more,https://opengameart.org/content/lpc-expanded-simple-shirts"
torso/clothes/longsleeve/longsleeve/male/idle.png,original by wulax; tweaks and further recolors by bluecarrot16; cleanup and climb/jump/run/sit/emote/revised combat adapted from LPC Revised by JaidynReiman,"JaidynReiman,Johannes Sjölund (wulax)","OGA-BY 3.0,CC-BY-SA 3.0,GPL 3.0","https://opengameart.org/content/lpc-medieval-fantasy-character-sprites,http://opengameart.org/content/lpc-clothing-updates,https://opengameart.org/content/lpc-revised-character-basics,https://github.com/ElizaWy/LPC/tree/main/Characters/Clothing,https://opengameart.org/content/lpc-expanded-sit-run-jump-more,https://opengameart.org/content/lpc-expanded-simple-shirts"
torso/clothes/longsleeve/longsleeve/female/idle.png,"original by ElizaWy, edited to v3 bases by bluecarrot16; cleanup and climb/jump/run/sit/emote/revised combat adapted from LPC Revised by JaidynReiman","bluecarrot16,ElizaWy,JaidynReiman,Stephen Challener (Redshrike)","OGA-BY 3.0,CC-BY-SA 3.0,GPL 3.0","https://opengameart.org/content/liberated-pixel-cup-lpc-base-assets-sprites-map-tiles,https://opengameart.org/content/lpc-7-womens-shirts,http://opengameart.org/content/lpc-clothing-updates,https://opengameart.org/content/lpc-revised-character-basics,https://github.com/ElizaWy/LPC/tree/main/Characters/Clothing,https://opengameart.org/content/lpc-expanded-sit-run-jump-more,https://opengameart.org/content/lpc-expanded-simple-shirts"
torso/clothes/longsleeve/longsleeve/male/sit.png,original by wulax; tweaks and further recolors by bluecarrot16; cleanup and climb/jump/run/sit/emote/revised combat adapted from LPC Revised by JaidynReiman,"JaidynReiman,Johannes Sjölund (wulax)","OGA-BY 3.0,CC-BY-SA 3.0,GPL 3.0","https://opengameart.org/content/lpc-medieval-fantasy-character-sprites,http://opengameart.org/content/lpc-clothing-updates,https://opengameart.org/content/lpc-revised-character-basics,https://github.com/ElizaWy/LPC/tree/main/Characters/Clothing,https://opengameart.org/content/lpc-expanded-sit-run-jump-more,https://opengameart.org/content/lpc-expanded-simple-shirts"
torso/clothes/longsleeve/longsleeve/female/sit.png,"original by ElizaWy, edited to v3 bases by bluecarrot16; cleanup and climb/jump/run/sit/emote/revised combat adapted from LPC Revised by JaidynReiman","bluecarrot16,ElizaWy,JaidynReiman,Stephen Challener (Redshrike)","OGA-BY 3.0,CC-BY-SA 3.0,GPL 3.0","https://opengameart.org/content/liberated-pixel-cup-lpc-base-assets-sprites-map-tiles,https://opengameart.org/content/lpc-7-womens-shirts,http://opengameart.org/content/lpc-clothing-updates,https://opengameart.org/content/lpc-revised-character-basics,https://github.com/ElizaWy/LPC/tree/main/Characters/Clothing,https://opengameart.org/content/lpc-expanded-sit-run-jump-more,https://opengameart.org/content/lpc-expanded-simple-shirts"
torso/clothes/shortsleeve/shortsleeve/male/walk.png,"original by ElizaWy walkcycle only; extended to all animations by adapting from longsleeve, edited to v3 bases by bluecarrot16; cleanup and climb/jump/run/sit/emote/revised combat adapted from LPC Revised by JaidynReiman","bluecarrot16,ElizaWy,JaidynReiman,Stephen Challener (Redshrike)","OGA-BY 3.0,CC-BY-SA 3.0,GPL 3.0","https://opengameart.org/content/liberated-pixel-cup-lpc-base-assets-sprites-map-tiles,http://opengameart.org/content/lpc-revised-character-basics,http://opengameart.org/content/lpc-clothing-updates,https://github.com/ElizaWy/LPC/tree/main/Characters/Clothing,https://opengameart.org/content/lpc-expanded-sit-run-jump-more,https://opengameart.org/content/lpc-expanded-simple-shirts"
torso/clothes/shortsleeve/shortsleeve/female/walk.png,"original by ElizaWy walkcycle only; extended to all animations by adapting from longsleeve, edited to v3 bases by bluecarrot16; cleanup and climb/jump/run/sit/emote/revised combat adapted from LPC Revised by JaidynReiman","bluecarrot16,ElizaWy,JaidynReiman,Stephen Challener (Redshrike)","OGA-BY 3.0,CC-BY-SA 3.0,GPL 3.0","https://opengameart.org/content/liberated-pixel-cup-lpc-base-assets-sprites-map-tiles,https://opengameart.org/content/lpc-7-womens-shirts,http://opengameart.org/content/lpc-revised-character-basics,http://opengameart.org/content/lpc-clothing-updates,https://github.com/ElizaWy/LPC/tree/main/Characters/Clothing,https://opengameart.org/content/lpc-expanded-sit-run-jump-more,https://opengameart.org/content/lpc-expanded-simple-shirts"
torso/clothes/shortsleeve/shortsleeve/male/idle.png,"original by ElizaWy walkcycle only; extended to all animations by adapting from longsleeve, edited to v3 bases by bluecarrot16; cleanup and climb/jump/run/sit/emote/revised combat adapted from LPC Revised by JaidynReiman","bluecarrot16,ElizaWy,JaidynReiman,Stephen Challener (Redshrike)","OGA-BY 3.0,CC-BY-SA 3.0,GPL 3.0","https://opengameart.org/content/liberated-pixel-cup-lpc-base-assets-sprites-map-tiles,http://opengameart.org/content/lpc-revised-character-basics,http://opengameart.org/content/lpc-clothing-updates,https://github.com/ElizaWy/LPC/tree/main/Characters/Clothing,https://opengameart.org/content/lpc-expanded-sit-run-jump-more,https://opengameart.org/content/lpc-expanded-simple-shirts"
torso/clothes/shortsleeve/shortsleeve/female/idle.png,"original by ElizaWy walkcycle only; extended to all animations by adapting from longsleeve, edited to v3 bases by bluecarrot16; cleanup and climb/jump/run/sit/emote/revised combat adapted from LPC Revised by JaidynReiman","bluecarrot16,ElizaWy,JaidynReiman,Stephen Challener (Redshrike)","OGA-BY 3.0,CC-BY-SA 3.0,GPL 3.0","https://opengameart.org/content/liberated-pixel-cup-lpc-base-assets-sprites-map-tiles,https://opengameart.org/content/lpc-7-womens-shirts,http://opengameart.org/content/lpc-revised-character-basics,http://opengameart.org/content/lpc-clothing-updates,https://github.com/ElizaWy/LPC/tree/main/Characters/Clothing,https://opengameart.org/content/lpc-expanded-sit-run-jump-more,https://opengameart.org/content/lpc-expanded-simple-shirts"
torso/clothes/shortsleeve/shortsleeve/male/sit.png,"original by ElizaWy walkcycle only; extended to all animations by adapting from longsleeve, edited to v3 bases by bluecarrot16; cleanup and climb/jump/run/sit/emote/revised combat adapted from LPC Revised by JaidynReiman","bluecarrot16,ElizaWy,JaidynReiman,Stephen Challener (Redshrike)","OGA-BY 3.0,CC-BY-SA 3.0,GPL 3.0","https://opengameart.org/content/liberated-pixel-cup-lpc-base-assets-sprites-map-tiles,http://opengameart.org/content/lpc-revised-character-basics,http://opengameart.org/content/lpc-clothing-updates,https://github.com/ElizaWy/LPC/tree/main/Characters/Clothing,https://opengameart.org/content/lpc-expanded-sit-run-jump-more,https://opengameart.org/content/lpc-expanded-simple-shirts"
torso/clothes/shortsleeve/shortsleeve/female/sit.png,"original by ElizaWy walkcycle only; extended to all animations by adapting from longsleeve, edited to v3 bases by bluecarrot16; cleanup and climb/jump/run/sit/emote/revised combat adapted from LPC Revised by JaidynReiman","bluecarrot16,ElizaWy,JaidynReiman,Stephen Challener (Redshrike)","OGA-BY 3.0,CC-BY-SA 3.0,GPL 3.0","https://opengameart.org/content/liberated-pixel-cup-lpc-base-assets-sprites-map-tiles,https://opengameart.org/content/lpc-7-womens-shirts,http://opengameart.org/content/lpc-revised-character-basics,http://opengameart.org/content/lpc-clothing-updates,https://github.com/ElizaWy/LPC/tree/main/Characters/Clothing,https://opengameart.org/content/lpc-expanded-sit-run-jump-more,https://opengameart.org/content/lpc-expanded-simple-shirts"
torso/clothes/sleeveless/sleeveless1/male/walk.png,"original by ElizaWy walkcycle only; extended to all animations by adapting from longsleeve, edited to v3 bases by bluecarrot16; sleeveless variant by JaidynReiman","bluecarrot16,ElizaWy,JaidynReiman,Stephen Challener (Redshrike)","OGA-BY 3.0,CC-BY-SA 3.0,GPL 3.0","https://opengameart.org/content/liberated-pixel-cup-lpc-base-assets-sprites-map-tiles,http://opengameart.org/content/lpc-revised-character-basics,http://opengameart.org/content/lpc-clothing-updates,https://github.com/ElizaWy/LPC/tree/main/Characters/Clothing,https://opengameart.org/content/lpc-expanded-sit-run-jump-more,https://opengameart.org/content/lpc-expanded-simple-shirts"
torso/clothes/sleeveless/sleeveless1/female/walk.png,"original by ElizaWy walkcycle only; extended to all animations by adapting from longsleeve, edited to v3 bases by bluecarrot16; sleeveless variant by JaidynReiman","bluecarrot16,ElizaWy,JaidynReiman,Stephen Challener (Redshrike)","OGA-BY 3.0,CC-BY-SA 3.0,GPL 3.0","https://opengameart.org/content/liberated-pixel-cup-lpc-base-assets-sprites-map-tiles,https://opengameart.org/content/lpc-7-womens-shirts,http://opengameart.org/content/lpc-revised-character-basics,http://opengameart.org/content/lpc-clothing-updates,https://github.com/ElizaWy/LPC/tree/main/Characters/Clothing,https://opengameart.org/content/lpc-expanded-sit-run-jump-more,https://opengameart.org/content/lpc-expanded-simple-shirts"
torso/clothes/sleeveless/sleeveless1/male/idle.png,"original by ElizaWy walkcycle only; extended to all animations by adapting from longsleeve, edited to v3 bases by bluecarrot16; sleeveless variant by JaidynReiman","bluecarrot16,ElizaWy,JaidynReiman,Stephen Challener (Redshrike)","OGA-BY 3.0,CC-BY-SA 3.0,GPL 3.0","https://opengameart.org/content/liberated-pixel-cup-lpc-base-assets-sprites-map-tiles,http://opengameart.org/content/lpc-revised-character-basics,http://opengameart.org/content/lpc-clothing-updates,https://github.com/ElizaWy/LPC/tree/main/Characters/Clothing,https://opengameart.org/content/lpc-expanded-sit-run-jump-more,https://opengameart.org/content/lpc-expanded-simple-shirts"
torso/clothes/sleeveless/sleeveless1/female/idle.png,"original by ElizaWy walkcycle only; extended to all animations by adapting from longsleeve, edited to v3 bases by bluecarrot16; sleeveless variant by JaidynReiman","bluecarrot16,ElizaWy,JaidynReiman,Stephen Challener (Redshrike)","OGA-BY 3.0,CC-BY-SA 3.0,GPL 3.0","https://opengameart.org/content/liberated-pixel-cup-lpc-base-assets-sprites-map-tiles,https://opengameart.org/content/lpc-7-womens-shirts,http://opengameart.org/content/lpc-revised-character-basics,http://opengameart.org/content/lpc-clothing-updates,https://github.com/ElizaWy/LPC/tree/main/Characters/Clothing,https://opengameart.org/content/lpc-expanded-sit-run-jump-more,https://opengameart.org/content/lpc-expanded-simple-shirts"
torso/clothes/sleeveless/sleeveless1/male/sit.png,"original by ElizaWy walkcycle only; extended to all animations by adapting from longsleeve, edited to v3 bases by bluecarrot16; sleeveless variant by JaidynReiman","bluecarrot16,ElizaWy,JaidynReiman,Stephen Challener (Redshrike)","OGA-BY 3.0,CC-BY-SA 3.0,GPL 3.0","https://opengameart.org/content/liberated-pixel-cup-lpc-base-assets-sprites-map-tiles,http://opengameart.org/content/lpc-revised-character-basics,http://opengameart.org/content/lpc-clothing-updates,https://github.com/ElizaWy/LPC/tree/main/Characters/Clothing,https://opengameart.org/content/lpc-expanded-sit-run-jump-more,https://opengameart.org/content/lpc-expanded-simple-shirts"
torso/clothes/sleeveless/sleeveless1/female/sit.png,"original by ElizaWy walkcycle only; extended to all animations by adapting from longsleeve, edited to v3 bases by bluecarrot16; sleeveless variant by JaidynReiman","bluecarrot16,ElizaWy,JaidynReiman,Stephen Challener (Redshrike)","OGA-BY 3.0,CC-BY-SA 3.0,GPL 3.0","https://opengameart.org/content/liberated-pixel-cup-lpc-base-assets-sprites-map-tiles,https://opengameart.org/content/lpc-7-womens-shirts,http://opengameart.org/content/lpc-revised-character-basics,http://opengameart.org/content/lpc-clothing-updates,https://github.com/ElizaWy/LPC/tree/main/Characters/Clothing,https://opengameart.org/content/lpc-expanded-sit-run-jump-more,https://opengameart.org/content/lpc-expanded-simple-shirts"
torso/clothes/sleeveless/sleeveless2_vneck/male/walk.png,original by ElizaWy; sleeveless adapted from original by JaidynReiman,"ElizaWy,JaidynReiman,Stephen Challener (Redshrike),Johannes Sjölund (wulax)",OGA-BY 3.0,"http://opengameart.org/content/lpc-revised-character-basics,https://github.com/ElizaWy/LPC/tree/main/Characters/Clothing,https://opengameart.org/content/lpc-expanded-sit-run-jump-more,https://opengameart.org/content/lpc-expanded-simple-shirts"
torso/clothes/sleeveless/sleeveless2_vneck/female/walk.png,original by ElizaWy; sleeveless adapted from original by JaidynReiman,"ElizaWy,JaidynReiman,Stephen Challener (Redshrike),Johannes Sjölund (wulax)",OGA-BY 3.0,"http://opengameart.org/content/lpc-revised-character-basics,https://github.com/ElizaWy/LPC/tree/main/Characters/Clothing,https://opengameart.org/content/lpc-expanded-sit-run-jump-more,https://opengameart.org/content/lpc-expanded-simple-shirts"
torso/clothes/sleeveless/sleeveless2_vneck/male/idle.png,original by ElizaWy; sleeveless adapted from original by JaidynReiman,"ElizaWy,JaidynReiman,Stephen Challener (Redshrike),Johannes Sjölund (wulax)",OGA-BY 3.0,"http://opengameart.org/content/lpc-revised-character-basics,https://github.com/ElizaWy/LPC/tree/main/Characters/Clothing,https://opengameart.org/content/lpc-expanded-sit-run-jump-more,https://opengameart.org/content/lpc-expanded-simple-shirts"
torso/clothes/sleeveless/sleeveless2_vneck/female/idle.png,original by ElizaWy; sleeveless adapted from original by JaidynReiman,"ElizaWy,JaidynReiman,Stephen Challener (Redshrike),Johannes Sjölund (wulax)",OGA-BY 3.0,"http://opengameart.org/content/lpc-revised-character-basics,https://github.com/ElizaWy/LPC/tree/main/Characters/Clothing,https://opengameart.org/content/lpc-expanded-sit-run-jump-more,https://opengameart.org/content/lpc-expanded-simple-shirts"
torso/clothes/sleeveless/sleeveless2_vneck/male/sit.png,original by ElizaWy; sleeveless adapted from original by JaidynReiman,"ElizaWy,JaidynReiman,Stephen Challener (Redshrike),Johannes Sjölund (wulax)",OGA-BY 3.0,"http://opengameart.org/content/lpc-revised-character-basics,https://github.com/ElizaWy/LPC/tree/main/Characters/Clothing,https://opengameart.org/content/lpc-expanded-sit-run-jump-more,https://opengameart.org/content/lpc-expanded-simple-shirts"
torso/clothes/sleeveless/sleeveless2_vneck/female/sit.png,original by ElizaWy; sleeveless adapted from original by JaidynReiman,"ElizaWy,JaidynReiman,Stephen Challener (Redshrike),Johannes Sjölund (wulax)",OGA-BY 3.0,"http://opengameart.org/content/lpc-revised-character-basics,https://github.com/ElizaWy/LPC/tree/main/Characters/Clothing,https://opengameart.org/content/lpc-expanded-sit-run-jump-more,https://opengameart.org/content/lpc-expanded-simple-shirts"
torso/clothes/sleeveless/sleeveless2/male/walk.png,original by ElizaWy; sleeveless adapted from original by JaidynReiman,"ElizaWy,JaidynReiman,Stephen Challener (Redshrike),Johannes Sjölund (wulax)",OGA-BY 3.0,"http://opengameart.org/content/lpc-revised-character-basics,https://github.com/ElizaWy/LPC/tree/main/Characters/Clothing,https://opengameart.org/content/lpc-expanded-sit-run-jump-more,https://opengameart.org/content/lpc-expanded-simple-shirts"
torso/clothes/sleeveless/sleeveless2/female/walk.png,original by ElizaWy; sleeveless adapted from original by JaidynReiman,"ElizaWy,JaidynReiman,Stephen Challener (Redshrike),Johannes Sjölund (wulax)",OGA-BY 3.0,"http://opengameart.org/content/lpc-revised-character-basics,https://github.com/ElizaWy/LPC/tree/main/Characters/Clothing,https://opengameart.org/content/lpc-expanded-sit-run-jump-more,https://opengameart.org/content/lpc-expanded-simple-shirts"
torso/clothes/sleeveless/sleeveless2/male/idle.png,original by ElizaWy; sleeveless adapted from original by JaidynReiman,"ElizaWy,JaidynReiman,Stephen Challener (Redshrike),Johannes Sjölund (wulax)",OGA-BY 3.0,"http://opengameart.org/content/lpc-revised-character-basics,https://github.com/ElizaWy/LPC/tree/main/Characters/Clothing,https://opengameart.org/content/lpc-expanded-sit-run-jump-more,https://opengameart.org/content/lpc-expanded-simple-shirts"
torso/clothes/sleeveless/sleeveless2/female/idle.png,original by ElizaWy; sleeveless adapted from original by JaidynReiman,"ElizaWy,JaidynReiman,Stephen Challener (Redshrike),Johannes Sjölund (wulax)",OGA-BY 3.0,"http://opengameart.org/content/lpc-revised-character-basics,https://github.com/ElizaWy/LPC/tree/main/Characters/Clothing,https://opengameart.org/content/lpc-expanded-sit-run-jump-more,https://opengameart.org/content/lpc-expanded-simple-shirts"
torso/clothes/sleeveless/sleeveless2/male/sit.png,original by ElizaWy; sleeveless adapted from original by JaidynReiman,"ElizaWy,JaidynReiman,Stephen Challener (Redshrike),Johannes Sjölund (wulax)",OGA-BY 3.0,"http://opengameart.org/content/lpc-revised-character-basics,https://github.com/ElizaWy/LPC/tree/main/Characters/Clothing,https://opengameart.org/content/lpc-expanded-sit-run-jump-more,https://opengameart.org/content/lpc-expanded-simple-shirts"
torso/clothes/sleeveless/sleeveless2/female/sit.png,original by ElizaWy; sleeveless adapted from original by JaidynReiman,"ElizaWy,JaidynReiman,Stephen Challener (Redshrike),Johannes Sjölund (wulax)",OGA-BY 3.0,"http://opengameart.org/content/lpc-revised-character-basics,https://github.com/ElizaWy/LPC/tree/main/Characters/Clothing,https://opengameart.org/content/lpc-expanded-sit-run-jump-more,https://opengameart.org/content/lpc-expanded-simple-shirts"
torso/armour/legion/male/walk.png,"adapted to v3 bases by bluecarrot16, jump/run/sit/combat and teen by JaidynReiman, color reduction to 6 colors inspired by Napsio (Vitruvian Studio)","Napsio (Vitruvian Studio),JaidynReiman,bluecarrot16,Nila122","OGA-BY 3.0,CC-BY-SA 3.0,GPL 2.0,GPL 3.0",https://opengameart.org/content/lpc-roman-armor
torso/armour/legion/male/idle.png,"adapted to v3 bases by bluecarrot16, jump/run/sit/combat and teen by JaidynReiman, color reduction to 6 colors inspired by Napsio (Vitruvian Studio)","Napsio (Vitruvian Studio),JaidynReiman,bluecarrot16,Nila122","OGA-BY 3.0,CC-BY-SA 3.0,GPL 2.0,GPL 3.0",https://opengameart.org/content/lpc-roman-armor
torso/armour/legion/male/sit.png,"adapted to v3 bases by bluecarrot16, jump/run/sit/combat and teen by JaidynReiman, color reduction to 6 colors inspired by Napsio (Vitruvian Studio)","Napsio (Vitruvian Studio),JaidynReiman,bluecarrot16,Nila122","OGA-BY 3.0,CC-BY-SA 3.0,GPL 2.0,GPL 3.0",https://opengameart.org/content/lpc-roman-armor
cape/solid/fg/walk.png,,"bluecarrot16,JaidynReiman","OGA-BY 3.0,CC-BY-SA 3.0,GPL 3.0","https://opengameart.org/content/lpc-curly-hair-elven-ears-white-cape-with-blue-trim-and-more,https://opengameart.org/content/lpc-roman-armor,http://opengameart.org/content/lpc-clothing-updates"
cape/solid/bg/walk.png,,"Nila122,JaidynReiman","OGA-BY 3.0,CC-BY-SA 3.0,GPL 3.0","https://opengameart.org/content/lpc-curly-hair-elven-ears-white-cape-with-blue-trim-and-more,https://opengameart.org/content/lpc-roman-armor"
cape/solid/fg/idle.png,,"bluecarrot16,JaidynReiman","OGA-BY 3.0,CC-BY-SA 3.0,GPL 3.0","https://opengameart.org/content/lpc-curly-hair-elven-ears-white-cape-with-blue-trim-and-more,https://opengameart.org/content/lpc-roman-armor,http://opengameart.org/content/lpc-clothing-updates"
cape/solid/bg/idle.png,,"Nila122,JaidynReiman","OGA-BY 3.0,CC-BY-SA 3.0,GPL 3.0","https://opengameart.org/content/lpc-curly-hair-elven-ears-white-cape-with-blue-trim-and-more,https://opengameart.org/content/lpc-roman-armor"
legs/skirts/plain/male/walk.png,"original by wulax, edited for female base by pvigier, edited for v3 base by bluecarrot16, idle & sit by Ahmad3366, color reduced & female sit/emote by JaidynReiman","bluecarrot16,Pierre Vigier (pvigier),Johannes Sjölund (wulax),Ahmad3366,JaidynReiman","OGA-BY 3.0,CC-BY-SA 3.0,GPL 3.0",https://opengameart.org/content/lpc-medieval-fantasy-character-sprites
legs/skirts/plain/thin/walk.png,"original by wulax, edited for female base by pvigier, edited for v3 base by bluecarrot16, idle & sit by Ahmad3366, color reduced & female sit/emote by JaidynReiman","bluecarrot16,Pierre Vigier (pvigier),Johannes Sjölund (wulax),Ahmad3366,JaidynReiman","OGA-BY 3.0,CC-BY-SA 3.0,GPL 3.0",https://opengameart.org/content/lpc-medieval-fantasy-character-sprites
legs/skirts/plain/male/idle.png,"original by wulax, edited for female base by pvigier, edited for v3 base by bluecarrot16, idle & sit by Ahmad3366, color reduced & female sit/emote by JaidynReiman","bluecarrot16,Pierre Vigier (pvigier),Johannes Sjölund (wulax),Ahmad3366,JaidynReiman","OGA-BY 3.0,CC-BY-SA 3.0,GPL 3.0",https://opengameart.org/content/lpc-medieval-fantasy-character-sprites
legs/skirts/plain/thin/idle.png,"original by wulax, edited for female base by pvigier, edited for v3 base by bluecarrot16, idle & sit by Ahmad3366, color reduced & female sit/emote by JaidynReiman","bluecarrot16,Pierre Vigier (pvigier),Johannes Sjölund (wulax),Ahmad3366,JaidynReiman","OGA-BY 3.0,CC-BY-SA 3.0,GPL 3.0",https://opengameart.org/content/lpc-medieval-fantasy-character-sprites
legs/skirts/plain/male/sit.png,"original by wulax, edited for female base by pvigier, edited for v3 base by bluecarrot16, idle & sit by Ahmad3366, color reduced & female sit/emote by JaidynReiman","bluecarrot16,Pierre Vigier (pvigier),Johannes Sjölund (wulax),Ahmad3366,JaidynReiman","OGA-BY 3.0,CC-BY-SA 3.0,GPL 3.0",https://opengameart.org/content/lpc-medieval-fantasy-character-sprites
legs/skirts/plain/thin/sit.png,"original by wulax, edited for female base by pvigier, edited for v3 base by bluecarrot16, idle & sit by Ahmad3366, color reduced & female sit/emote by JaidynReiman","bluecarrot16,Pierre Vigier (pvigier),Johannes Sjölund (wulax),Ahmad3366,JaidynReiman","OGA-BY 3.0,CC-BY-SA 3.0,GPL 3.0",https://opengameart.org/content/lpc-medieval-fantasy-character-sprites
feet/sandals/male/walk.png,"edited for v3 bases by bluecarrot16, Jump/Sit/Emote/Run/Revised Combat by JaidynReiman","Nila122,JaidynReiman,Matthew Krohn (makrohn),Johannes Sjölund (wulax)","OGA-BY 3.0,CC-BY-SA 3.0,GPL 2.0,GPL 3.0","https://opengameart.org/content/lpc-roman-armor,http://opengameart.org/content/lpc-clothing-updates,https://opengameart.org/content/lpc-expanded-socks-shoes"
feet/sandals/thin/walk.png,"edited for v3 bases by bluecarrot16, Jump/Sit/Emote/Run/Revised Combat by JaidynReiman","Nila122,JaidynReiman,Matthew Krohn (makrohn),Johannes Sjölund (wulax)","OGA-BY 3.0,CC-BY-SA 3.0,GPL 2.0,GPL 3.0","https://opengameart.org/content/lpc-roman-armor,http://opengameart.org/content/lpc-clothing-updates,https://opengameart.org/content/lpc-expanded-socks-shoes"
feet/sandals/male/idle.png,"edited for v3 bases by bluecarrot16, Jump/Sit/Emote/Run/Revised Combat by JaidynReiman","Nila122,JaidynReiman,Matthew Krohn (makrohn),Johannes Sjölund (wulax)","OGA-BY 3.0,CC-BY-SA 3.0,GPL 2.0,GPL 3.0","https://opengameart.org/content/lpc-roman-armor,http://opengameart.org/content/lpc-clothing-updates,https://opengameart.org/content/lpc-expanded-socks-shoes"
feet/sandals/thin/idle.png,"edited for v3 bases by bluecarrot16, Jump/Sit/Emote/Run/Revised Combat by JaidynReiman","Nila122,JaidynReiman,Matthew Krohn (makrohn),Johannes Sjölund (wulax)","OGA-BY 3.0,CC-BY-SA 3.0,GPL 2.0,GPL 3.0","https://opengameart.org/content/lpc-roman-armor,http://opengameart.org/content/lpc-clothing-updates,https://opengameart.org/content/lpc-expanded-socks-shoes"
feet/sandals/male/sit.png,"edited for v3 bases by bluecarrot16, Jump/Sit/Emote/Run/Revised Combat by JaidynReiman","Nila122,JaidynReiman,Matthew Krohn (makrohn),Johannes Sjölund (wulax)","OGA-BY 3.0,CC-BY-SA 3.0,GPL 2.0,GPL 3.0","https://opengameart.org/content/lpc-roman-armor,http://opengameart.org/content/lpc-clothing-updates,https://opengameart.org/content/lpc-expanded-socks-shoes"
feet/sandals/thin/sit.png,"edited for v3 bases by bluecarrot16, Jump/Sit/Emote/Run/Revised Combat by JaidynReiman","Nila122,JaidynReiman,Matthew Krohn (makrohn),Johannes Sjölund (wulax)","OGA-BY 3.0,CC-BY-SA 3.0,GPL 2.0,GPL 3.0","https://opengameart.org/content/lpc-roman-armor,http://opengameart.org/content/lpc-clothing-updates,https://opengameart.org/content/lpc-expanded-socks-shoes"
